Treat,Incidence,Trial,Date,Significance,scaled.incidence
Actinovate,1,Trial 1,6/13/2014,bc,0.089102735
Actinovate,0,Trial 1,6/13/2014,bc,0
Actinovate,0.5,Trial 1,6/13/2014,bc,0.044551368
Actinovate,0,Trial 1,6/13/2014,bc,0
Actinovate,0,Trial 1,6/13/2014,bc,0
Actinovate,0.5,Trial 1,6/13/2014,bc,0.044551368
Actinovate,0,Trial 1,6/13/2014,bc,0
Actinovate,0,Trial 1,6/13/2014,bc,0
Actinovate,0,Trial 1,6/13/2014,bc,0
Actinovate,1,Trial 1,6/13/2014,bc,0.089102735
Actinovate,0,Trial 1,6/13/2014,bc,0
Actinovate,0,Trial 1,6/13/2014,bc,0
Actinovate,0,Trial 1,6/13/2014,bc,0
Actinovate,0,Trial 1,6/13/2014,bc,0
Actinovate,0,Trial 1,6/13/2014,bc,0
Actinovate,30,Trial 1,6/13/2014,bc,2.673082064
Actinovate,10,Trial 1,6/13/2014,bc,0.891027355
Actinovate,20,Trial 1,6/13/2014,bc,1.782054709
Actinovate,3.333333333,Trial 1,6/13/2014,bc,0.297009118
Actinovate,3.333333333,Trial 1,6/13/2014,bc,0.297009118
Actinovate,2.666666667,Trial 1,6/13/2014,bc,0.237607295
Actinovate,0,Trial 1,6/13/2014,bc,0
Actinovate,0,Trial 1,6/13/2014,bc,0
Actinovate,0.666666667,Trial 1,6/13/2014,bc,0.059401824
Actinovate,1.333333333,Trial 1,6/13/2014,bc,0.118803647
Actinovate,1.333333333,Trial 1,6/13/2014,bc,0.118803647
Actinovate,2,Trial 1,6/13/2014,bc,0.178205471
Actinovate,0,Trial 1,6/13/2014,bc,0
Actinovate,1,Trial 1,6/13/2014,bc,0.089102735
Actinovate,2,Trial 1,6/13/2014,bc,0.178205471
Actinovate,35,Trial 1,6/13/2014,bc,3.118595741
Actinovate,25,Trial 1,6/13/2014,bc,2.227568386
Actinovate,40,Trial 1,6/13/2014,bc,3.564109418
Actinovate,5,Trial 1,6/13/2014,bc,0.445513677
Actinovate,1,Trial 1,6/13/2014,bc,0.089102735
Actinovate,0.5,Trial 1,6/13/2014,bc,0.044551368
Actinovate,2,Trial 1,6/13/2014,bc,0.178205471
Actinovate,0,Trial 1,6/13/2014,bc,0
Actinovate,0.5,Trial 1,6/13/2014,bc,0.044551368
Actinovate,10,Trial 1,6/13/2014,bc,0.891027355
Actinovate,15,Trial 1,6/13/2014,bc,1.336541032
Actinovate,7,Trial 1,6/13/2014,bc,0.623719148
Actinovate,7,Trial 1,6/13/2014,bc,0.623719148
Actinovate,12,Trial 1,6/13/2014,bc,1.069232825
Actinovate,8,Trial 1,6/13/2014,bc,0.712821884
Cueva,1,Trial 1,6/13/2014,ab,0.089102735
Cueva,0.5,Trial 1,6/13/2014,ab,0.044551368
Cueva,0,Trial 1,6/13/2014,ab,0
Cueva,1,Trial 1,6/13/2014,ab,0.089102735
Cueva,0,Trial 1,6/13/2014,ab,0
Cueva,0.5,Trial 1,6/13/2014,ab,0.044551368
Cueva,0,Trial 1,6/13/2014,ab,0
Cueva,0,Trial 1,6/13/2014,ab,0
Cueva,0,Trial 1,6/13/2014,ab,0
Cueva,0.5,Trial 1,6/13/2014,ab,0.044551368
Cueva,0.5,Trial 1,6/13/2014,ab,0.044551368
Cueva,0,Trial 1,6/13/2014,ab,0
Cueva,0,Trial 1,6/13/2014,ab,0
Cueva,0,Trial 1,6/13/2014,ab,0
Cueva,0,Trial 1,6/13/2014,ab,0
Cueva,1.333333333,Trial 1,6/13/2014,ab,0.118803647
Cueva,2,Trial 1,6/13/2014,ab,0.178205471
Cueva,0,Trial 1,6/13/2014,ab,0
Cueva,2,Trial 1,6/13/2014,ab,0.178205471
Cueva,1.333333333,Trial 1,6/13/2014,ab,0.118803647
Cueva,0,Trial 1,6/13/2014,ab,0
Cueva,2,Trial 1,6/13/2014,ab,0.178205471
Cueva,1.333333333,Trial 1,6/13/2014,ab,0.118803647
Cueva,2,Trial 1,6/13/2014,ab,0.178205471
Cueva,15,Trial 1,6/13/2014,ab,1.336541032
Cueva,2,Trial 1,6/13/2014,ab,0.178205471
Cueva,1,Trial 1,6/13/2014,ab,0.089102735
Cueva,1,Trial 1,6/13/2014,ab,0.089102735
Cueva,0,Trial 1,6/13/2014,ab,0
Cueva,0,Trial 1,6/13/2014,ab,0
Cueva,7,Trial 1,6/13/2014,ab,0.623719148
Cueva,5,Trial 1,6/13/2014,ab,0.445513677
Cueva,2,Trial 1,6/13/2014,ab,0.178205471
Cueva,5,Trial 1,6/13/2014,ab,0.445513677
Cueva,2,Trial 1,6/13/2014,ab,0.178205471
Cueva,1,Trial 1,6/13/2014,ab,0.089102735
Cueva,2,Trial 1,6/13/2014,ab,0.178205471
Cueva,1,Trial 1,6/13/2014,ab,0.089102735
Cueva,0,Trial 1,6/13/2014,ab,0
Cueva,3,Trial 1,6/13/2014,ab,0.267308206
Cueva,5,Trial 1,6/13/2014,ab,0.445513677
Cueva,7,Trial 1,6/13/2014,ab,0.623719148
Cueva,3,Trial 1,6/13/2014,ab,0.267308206
Cueva,10,Trial 1,6/13/2014,ab,0.891027355
Cueva,10,Trial 1,6/13/2014,ab,0.891027355
Milstop,0.5,Trial 1,6/13/2014,ab,0.044551368
Milstop,1,Trial 1,6/13/2014,ab,0.089102735
Milstop,0,Trial 1,6/13/2014,ab,0
Milstop,0,Trial 1,6/13/2014,ab,0
Milstop,0,Trial 1,6/13/2014,ab,0
Milstop,0,Trial 1,6/13/2014,ab,0
Milstop,0,Trial 1,6/13/2014,ab,0
Milstop,0,Trial 1,6/13/2014,ab,0
Milstop,0,Trial 1,6/13/2014,ab,0
Milstop,0,Trial 1,6/13/2014,ab,0
Milstop,0,Trial 1,6/13/2014,ab,0
Milstop,0,Trial 1,6/13/2014,ab,0
Milstop,7,Trial 1,6/13/2014,ab,0.623719148
Milstop,0,Trial 1,6/13/2014,ab,0
Milstop,0,Trial 1,6/13/2014,ab,0
Milstop,14.66666667,Trial 1,6/13/2014,ab,1.30684012
Milstop,6.666666667,Trial 1,6/13/2014,ab,0.594018236
Milstop,7.333333333,Trial 1,6/13/2014,ab,0.65342006
Milstop,6.666666667,Trial 1,6/13/2014,ab,0.594018236
Milstop,2,Trial 1,6/13/2014,ab,0.178205471
Milstop,2,Trial 1,6/13/2014,ab,0.178205471
Milstop,1,Trial 1,6/13/2014,ab,0.089102735
Milstop,3,Trial 1,6/13/2014,ab,0.267308206
Milstop,2,Trial 1,6/13/2014,ab,0.178205471
Milstop,2,Trial 1,6/13/2014,ab,0.178205471
Milstop,1.333333333,Trial 1,6/13/2014,ab,0.118803647
Milstop,4.666666667,Trial 1,6/13/2014,ab,0.415812765
Milstop,2.666666667,Trial 1,6/13/2014,ab,0.237607295
Milstop,0,Trial 1,6/13/2014,ab,0
Milstop,0,Trial 1,6/13/2014,ab,0
Milstop,3,Trial 1,6/13/2014,ab,0.267308206
Milstop,7,Trial 1,6/13/2014,ab,0.623719148
Milstop,2,Trial 1,6/13/2014,ab,0.178205471
Milstop,15,Trial 1,6/13/2014,ab,1.336541032
Milstop,15,Trial 1,6/13/2014,ab,1.336541032
Milstop,10,Trial 1,6/13/2014,ab,0.891027355
Milstop,5,Trial 1,6/13/2014,ab,0.445513677
Milstop,5,Trial 1,6/13/2014,ab,0.445513677
Milstop,10,Trial 1,6/13/2014,ab,0.891027355
Milstop,0.5,Trial 1,6/13/2014,ab,0.044551368
Milstop,0,Trial 1,6/13/2014,ab,0
Milstop,5,Trial 1,6/13/2014,ab,0.445513677
Milstop,3,Trial 1,6/13/2014,ab,0.267308206
Milstop,1,Trial 1,6/13/2014,ab,0.089102735
Milstop,0,Trial 1,6/13/2014,ab,0
Oxidate,0,Trial 1,6/13/2014,abc,0
Oxidate,1,Trial 1,6/13/2014,abc,0.089102735
Oxidate,0,Trial 1,6/13/2014,abc,0
Oxidate,0.5,Trial 1,6/13/2014,abc,0.044551368
Oxidate,0,Trial 1,6/13/2014,abc,0
Oxidate,0,Trial 1,6/13/2014,abc,0
Oxidate,0,Trial 1,6/13/2014,abc,0
Oxidate,0,Trial 1,6/13/2014,abc,0
Oxidate,0,Trial 1,6/13/2014,abc,0
Oxidate,0.5,Trial 1,6/13/2014,abc,0.044551368
Oxidate,0,Trial 1,6/13/2014,abc,0
Oxidate,0.5,Trial 1,6/13/2014,abc,0.044551368
Oxidate,1,Trial 1,6/13/2014,abc,0.089102735
Oxidate,0,Trial 1,6/13/2014,abc,0
Oxidate,0,Trial 1,6/13/2014,abc,0
Oxidate,19.33333333,Trial 1,6/13/2014,abc,1.722652885
Oxidate,2.666666667,Trial 1,6/13/2014,abc,0.237607295
Oxidate,3.333333333,Trial 1,6/13/2014,abc,0.297009118
Oxidate,2,Trial 1,6/13/2014,abc,0.178205471
Oxidate,5,Trial 1,6/13/2014,abc,0.445513677
Oxidate,5,Trial 1,6/13/2014,abc,0.445513677
Oxidate,4,Trial 1,6/13/2014,abc,0.356410942
Oxidate,0,Trial 1,6/13/2014,abc,0
Oxidate,6,Trial 1,6/13/2014,abc,0.534616413
Oxidate,0,Trial 1,6/13/2014,abc,0
Oxidate,2.666666667,Trial 1,6/13/2014,abc,0.237607295
Oxidate,3.333333333,Trial 1,6/13/2014,abc,0.297009118
Oxidate,2,Trial 1,6/13/2014,abc,0.178205471
Oxidate,0,Trial 1,6/13/2014,abc,0
Oxidate,0.666666667,Trial 1,6/13/2014,abc,0.059401824
Oxidate,3,Trial 1,6/13/2014,abc,0.267308206
Oxidate,4,Trial 1,6/13/2014,abc,0.356410942
Oxidate,10,Trial 1,6/13/2014,abc,0.891027355
Oxidate,10,Trial 1,6/13/2014,abc,0.891027355
Oxidate,15,Trial 1,6/13/2014,abc,1.336541032
Oxidate,25,Trial 1,6/13/2014,abc,2.227568386
Oxidate,5,Trial 1,6/13/2014,abc,0.445513677
Oxidate,3,Trial 1,6/13/2014,abc,0.267308206
Oxidate,5,Trial 1,6/13/2014,abc,0.445513677
Oxidate,3,Trial 1,6/13/2014,abc,0.267308206
Oxidate,12,Trial 1,6/13/2014,abc,1.069232825
Oxidate,5,Trial 1,6/13/2014,abc,0.445513677
Oxidate,7,Trial 1,6/13/2014,abc,0.623719148
Oxidate,3,Trial 1,6/13/2014,abc,0.267308206
Oxidate,10,Trial 1,6/13/2014,abc,0.891027355
Regalia ,0.5,Trial 1,6/13/2014,bc,0.044551368
Regalia ,1.5,Trial 1,6/13/2014,bc,0.133654103
Regalia ,1,Trial 1,6/13/2014,bc,0.089102735
Regalia ,0,Trial 1,6/13/2014,bc,0
Regalia ,6.5,Trial 1,6/13/2014,bc,0.57916778
Regalia ,14,Trial 1,6/13/2014,bc,1.247438296
Regalia ,0,Trial 1,6/13/2014,bc,0
Regalia ,0,Trial 1,6/13/2014,bc,0
Regalia ,0,Trial 1,6/13/2014,bc,0
Regalia ,1,Trial 1,6/13/2014,bc,0.089102735
Regalia ,3.5,Trial 1,6/13/2014,bc,0.311859574
Regalia ,1,Trial 1,6/13/2014,bc,0.089102735
Regalia ,0,Trial 1,6/13/2014,bc,0
Regalia ,0,Trial 1,6/13/2014,bc,0
Regalia ,0,Trial 1,6/13/2014,bc,0
Regalia ,7.333333333,Trial 1,6/13/2014,bc,0.65342006
Regalia ,14.66666667,Trial 1,6/13/2014,bc,1.30684012
Regalia ,14.66666667,Trial 1,6/13/2014,bc,1.30684012
Regalia ,20,Trial 1,6/13/2014,bc,1.782054709
Regalia ,30,Trial 1,6/13/2014,bc,2.673082064
Regalia ,25,Trial 1,6/13/2014,bc,2.227568386
Regalia ,2.666666667,Trial 1,6/13/2014,bc,0.237607295
Regalia ,4,Trial 1,6/13/2014,bc,0.356410942
Regalia ,1.333333333,Trial 1,6/13/2014,bc,0.118803647
Regalia ,6,Trial 1,6/13/2014,bc,0.534616413
Regalia ,6,Trial 1,6/13/2014,bc,0.534616413
Regalia ,5.333333333,Trial 1,6/13/2014,bc,0.475214589
Regalia ,0,Trial 1,6/13/2014,bc,0
Regalia ,0,Trial 1,6/13/2014,bc,0
Regalia ,0,Trial 1,6/13/2014,bc,0
Regalia ,20,Trial 1,6/13/2014,bc,1.782054709
Regalia ,15,Trial 1,6/13/2014,bc,1.336541032
Regalia ,15,Trial 1,6/13/2014,bc,1.336541032
Regalia ,5,Trial 1,6/13/2014,bc,0.445513677
Regalia ,25,Trial 1,6/13/2014,bc,2.227568386
Regalia ,35,Trial 1,6/13/2014,bc,3.118595741
Regalia ,1,Trial 1,6/13/2014,bc,0.089102735
Regalia ,2,Trial 1,6/13/2014,bc,0.178205471
Regalia ,0.5,Trial 1,6/13/2014,bc,0.044551368
Regalia ,15,Trial 1,6/13/2014,bc,1.336541032
Regalia ,17,Trial 1,6/13/2014,bc,1.514746503
Regalia ,12,Trial 1,6/13/2014,bc,1.069232825
Regalia ,3,Trial 1,6/13/2014,bc,0.267308206
Regalia ,0,Trial 1,6/13/2014,bc,0
Regalia ,3,Trial 1,6/13/2014,bc,0.267308206
Serenade,5.5,Trial 1,6/13/2014,c,0.490065045
Serenade,9.5,Trial 1,6/13/2014,c,0.846475987
Serenade,0,Trial 1,6/13/2014,c,0
Serenade,2,Trial 1,6/13/2014,c,0.178205471
Serenade,2.5,Trial 1,6/13/2014,c,0.222756839
Serenade,0.5,Trial 1,6/13/2014,c,0.044551368
Serenade,1,Trial 1,6/13/2014,c,0.089102735
Serenade,27.5,Trial 1,6/13/2014,c,2.450325225
Serenade,1,Trial 1,6/13/2014,c,0.089102735
Serenade,0,Trial 1,6/13/2014,c,0
Serenade,0,Trial 1,6/13/2014,c,0
Serenade,0,Trial 1,6/13/2014,c,0
Serenade,0,Trial 1,6/13/2014,c,0
Serenade,0,Trial 1,6/13/2014,c,0
Serenade,0.5,Trial 1,6/13/2014,c,0.044551368
Serenade,40,Trial 1,6/13/2014,c,3.564109418
Serenade,55,Trial 1,6/13/2014,c,4.90065045
Serenade,55,Trial 1,6/13/2014,c,4.90065045
Serenade,10,Trial 1,6/13/2014,c,0.891027355
Serenade,14.66666667,Trial 1,6/13/2014,c,1.30684012
Serenade,13.33333333,Trial 1,6/13/2014,c,1.188036472
Serenade,4.666666667,Trial 1,6/13/2014,c,0.415812765
Serenade,3.333333333,Trial 1,6/13/2014,c,0.297009118
Serenade,1.333333333,Trial 1,6/13/2014,c,0.118803647
Serenade,2,Trial 1,6/13/2014,c,0.178205471
Serenade,1,Trial 1,6/13/2014,c,0.089102735
Serenade,1,Trial 1,6/13/2014,c,0.089102735
Serenade,0,Trial 1,6/13/2014,c,0
Serenade,0,Trial 1,6/13/2014,c,0
Serenade,0,Trial 1,6/13/2014,c,0
Serenade,42,Trial 1,6/13/2014,c,3.742314889
Serenade,35,Trial 1,6/13/2014,c,3.118595741
Serenade,30,Trial 1,6/13/2014,c,2.673082064
Serenade,12,Trial 1,6/13/2014,c,1.069232825
Serenade,15,Trial 1,6/13/2014,c,1.336541032
Serenade,12,Trial 1,6/13/2014,c,1.069232825
Serenade,18,Trial 1,6/13/2014,c,1.603849238
Serenade,20,Trial 1,6/13/2014,c,1.782054709
Serenade,5,Trial 1,6/13/2014,c,0.445513677
Serenade,12,Trial 1,6/13/2014,c,1.069232825
Serenade,7,Trial 1,6/13/2014,c,0.623719148
Serenade,6,Trial 1,6/13/2014,c,0.534616413
Serenade,7,Trial 1,6/13/2014,c,0.623719148
Serenade,2,Trial 1,6/13/2014,c,0.178205471
Serenade,3,Trial 1,6/13/2014,c,0.267308206
Taegro,1.5,Trial 1,6/13/2014,ab,0.133654103
Taegro,0.5,Trial 1,6/13/2014,ab,0.044551368
Taegro,0,Trial 1,6/13/2014,ab,0
Taegro,0,Trial 1,6/13/2014,ab,0
Taegro,0,Trial 1,6/13/2014,ab,0
Taegro,0,Trial 1,6/13/2014,ab,0
Taegro,0,Trial 1,6/13/2014,ab,0
Taegro,0,Trial 1,6/13/2014,ab,0
Taegro,0,Trial 1,6/13/2014,ab,0
Taegro,0,Trial 1,6/13/2014,ab,0
Taegro,0,Trial 1,6/13/2014,ab,0
Taegro,1,Trial 1,6/13/2014,ab,0.089102735
Taegro,0.5,Trial 1,6/13/2014,ab,0.044551368
Taegro,0,Trial 1,6/13/2014,ab,0
Taegro,0,Trial 1,6/13/2014,ab,0
Taegro,3.333333333,Trial 1,6/13/2014,ab,0.297009118
Taegro,5.333333333,Trial 1,6/13/2014,ab,0.475214589
Taegro,3.333333333,Trial 1,6/13/2014,ab,0.297009118
Taegro,3,Trial 1,6/13/2014,ab,0.267308206
Taegro,3,Trial 1,6/13/2014,ab,0.267308206
Taegro,1,Trial 1,6/13/2014,ab,0.089102735
Taegro,1,Trial 1,6/13/2014,ab,0.089102735
Taegro,1,Trial 1,6/13/2014,ab,0.089102735
Taegro,2,Trial 1,6/13/2014,ab,0.178205471
Taegro,1.333333333,Trial 1,6/13/2014,ab,0.118803647
Taegro,2,Trial 1,6/13/2014,ab,0.178205471
Taegro,0,Trial 1,6/13/2014,ab,0
Taegro,0,Trial 1,6/13/2014,ab,0
Taegro,0,Trial 1,6/13/2014,ab,0
Taegro,0,Trial 1,6/13/2014,ab,0
Taegro,10,Trial 1,6/13/2014,ab,0.891027355
Taegro,7,Trial 1,6/13/2014,ab,0.623719148
Taegro,5,Trial 1,6/13/2014,ab,0.445513677
Taegro,5,Trial 1,6/13/2014,ab,0.445513677
Taegro,7,Trial 1,6/13/2014,ab,0.623719148
Taegro,3,Trial 1,6/13/2014,ab,0.267308206
Taegro,1,Trial 1,6/13/2014,ab,0.089102735
Taegro,5,Trial 1,6/13/2014,ab,0.445513677
Taegro,0,Trial 1,6/13/2014,ab,0
Taegro,5,Trial 1,6/13/2014,ab,0.445513677
Taegro,3,Trial 1,6/13/2014,ab,0.267308206
Taegro,5,Trial 1,6/13/2014,ab,0.445513677
Taegro,0,Trial 1,6/13/2014,ab,0
Taegro,0,Trial 1,6/13/2014,ab,0
Taegro,2,Trial 1,6/13/2014,ab,0.178205471
Untreated,2,Trial 1,6/13/2014,c,0.178205471
Untreated,23.5,Trial 1,6/13/2014,c,2.093914283
Untreated,16,Trial 1,6/13/2014,c,1.425643767
Untreated,0,Trial 1,6/13/2014,c,0
Untreated,1.5,Trial 1,6/13/2014,c,0.133654103
Untreated,1,Trial 1,6/13/2014,c,0.089102735
Untreated,0,Trial 1,6/13/2014,c,0
Untreated,0,Trial 1,6/13/2014,c,0
Untreated,0,Trial 1,6/13/2014,c,0
Untreated,0,Trial 1,6/13/2014,c,0
Untreated,0,Trial 1,6/13/2014,c,0
Untreated,1,Trial 1,6/13/2014,c,0.089102735
Untreated,0,Trial 1,6/13/2014,c,0
Untreated,0,Trial 1,6/13/2014,c,0
Untreated,0,Trial 1,6/13/2014,c,0
Untreated,70,Trial 1,6/13/2014,c,6.237191482
Untreated,70,Trial 1,6/13/2014,c,6.237191482
Untreated,65,Trial 1,6/13/2014,c,5.791677805
Untreated,4.666666667,Trial 1,6/13/2014,c,0.415812765
Untreated,9.333333333,Trial 1,6/13/2014,c,0.831625531
Untreated,8.666666667,Trial 1,6/13/2014,c,0.772223707
Untreated,3.333333333,Trial 1,6/13/2014,c,0.297009118
Untreated,2.666666667,Trial 1,6/13/2014,c,0.237607295
Untreated,3.333333333,Trial 1,6/13/2014,c,0.297009118
Untreated,2,Trial 1,6/13/2014,c,0.178205471
Untreated,0,Trial 1,6/13/2014,c,0
Untreated,0,Trial 1,6/13/2014,c,0
Untreated,2.666666667,Trial 1,6/13/2014,c,0.237607295
Untreated,2.666666667,Trial 1,6/13/2014,c,0.237607295
Untreated,2,Trial 1,6/13/2014,c,0.178205471
Untreated,43,Trial 1,6/13/2014,c,3.831417625
Untreated,37,Trial 1,6/13/2014,c,3.296801212
Untreated,40,Trial 1,6/13/2014,c,3.564109418
Untreated,10,Trial 1,6/13/2014,c,0.891027355
Untreated,10,Trial 1,6/13/2014,c,0.891027355
Untreated,7,Trial 1,6/13/2014,c,0.623719148
Untreated,2,Trial 1,6/13/2014,c,0.178205471
Untreated,3,Trial 1,6/13/2014,c,0.267308206
Untreated,3,Trial 1,6/13/2014,c,0.267308206
Untreated,10,Trial 1,6/13/2014,c,0.891027355
Untreated,20,Trial 1,6/13/2014,c,1.782054709
Untreated,10,Trial 1,6/13/2014,c,0.891027355
Untreated,5,Trial 1,6/13/2014,c,0.445513677
Untreated,4,Trial 1,6/13/2014,c,0.356410942
Untreated,10,Trial 1,6/13/2014,c,0.891027355
Zampro,0,Trial 1,6/13/2014,a,0
Zampro,0.5,Trial 1,6/13/2014,a,0.044551368
Zampro,1,Trial 1,6/13/2014,a,0.089102735
Zampro,0.5,Trial 1,6/13/2014,a,0.044551368
Zampro,0,Trial 1,6/13/2014,a,0
Zampro,0.5,Trial 1,6/13/2014,a,0.044551368
Zampro,0,Trial 1,6/13/2014,a,0
Zampro,0.5,Trial 1,6/13/2014,a,0.044551368
Zampro,1,Trial 1,6/13/2014,a,0.089102735
Zampro,0,Trial 1,6/13/2014,a,0
Zampro,0.5,Trial 1,6/13/2014,a,0.044551368
Zampro,25,Trial 1,6/13/2014,a,2.227568386
Zampro,0,Trial 1,6/13/2014,a,0
Zampro,0,Trial 1,6/13/2014,a,0
Zampro,0,Trial 1,6/13/2014,a,0
Zampro,16.66666667,Trial 1,6/13/2014,a,1.485045591
Zampro,6,Trial 1,6/13/2014,a,0.534616413
Zampro,7.333333333,Trial 1,6/13/2014,a,0.65342006
Zampro,0,Trial 1,6/13/2014,a,0
Zampro,1.333333333,Trial 1,6/13/2014,a,0.118803647
Zampro,2,Trial 1,6/13/2014,a,0.178205471
Zampro,0,Trial 1,6/13/2014,a,0
Zampro,0,Trial 1,6/13/2014,a,0
Zampro,1.333333333,Trial 1,6/13/2014,a,0.118803647
Zampro,0,Trial 1,6/13/2014,a,0
Zampro,1,Trial 1,6/13/2014,a,0.089102735
Zampro,2,Trial 1,6/13/2014,a,0.178205471
Zampro,3,Trial 1,6/13/2014,a,0.267308206
Zampro,0,Trial 1,6/13/2014,a,0
Zampro,0,Trial 1,6/13/2014,a,0
Zampro,5,Trial 1,6/13/2014,a,0.445513677
Zampro,7,Trial 1,6/13/2014,a,0.623719148
Zampro,7,Trial 1,6/13/2014,a,0.623719148
Zampro,0,Trial 1,6/13/2014,a,0
Zampro,2,Trial 1,6/13/2014,a,0.178205471
Zampro,2,Trial 1,6/13/2014,a,0.178205471
Zampro,0,Trial 1,6/13/2014,a,0
Zampro,0,Trial 1,6/13/2014,a,0
Zampro,0.5,Trial 1,6/13/2014,a,0.044551368
Zampro,1,Trial 1,6/13/2014,a,0.089102735
Zampro,2,Trial 1,6/13/2014,a,0.178205471
Zampro,5,Trial 1,6/13/2014,a,0.445513677
Zampro,3,Trial 1,6/13/2014,a,0.267308206
Zampro,1,Trial 1,6/13/2014,a,0.089102735
Zampro,0,Trial 1,6/13/2014,a,0
Actinovate,10,Trial 2,7/24/2014,ab,0.169491525
Actinovate,40,Trial 2,7/24/2014,ab,0.677966102
Actinovate,30,Trial 2,7/24/2014,ab,0.508474576
Actinovate,20,Trial 2,7/24/2014,ab,0.338983051
Actinovate,5,Trial 2,7/24/2014,ab,0.084745763
Actinovate,15,Trial 2,7/24/2014,ab,0.254237288
Actinovate,70,Trial 2,7/24/2014,ab,1.186440678
Actinovate,50,Trial 2,7/24/2014,ab,0.847457627
Actinovate,40,Trial 2,7/24/2014,ab,0.677966102
Actinovate,60,Trial 2,7/24/2014,ab,1.016949153
Actinovate,23,Trial 2,7/24/2014,ab,0.389830508
Actinovate,44,Trial 2,7/24/2014,ab,0.745762712
Actinovate,40,Trial 2,7/24/2014,ab,0.677966102
Actinovate,30,Trial 2,7/24/2014,ab,0.508474576
Actinovate,10,Trial 2,7/24/2014,ab,0.169491525
Actinovate,10,Trial 2,7/24/2014,ab,0.169491525
Actinovate,30,Trial 2,7/24/2014,ab,0.508474576
Actinovate,5,Trial 2,7/24/2014,ab,0.084745763
Actinovate,40,Trial 2,7/24/2014,ab,0.677966102
Actinovate,55,Trial 2,7/24/2014,ab,0.93220339
Actinovate,80,Trial 2,7/24/2014,ab,1.355932203
Actinovate,70,Trial 2,7/24/2014,ab,1.186440678
Actinovate,50,Trial 2,7/24/2014,ab,0.847457627
Actinovate,35,Trial 2,7/24/2014,ab,0.593220339
Actinovate,70,Trial 2,7/24/2014,ab,1.186440678
Actinovate,65,Trial 2,7/24/2014,ab,1.101694915
Actinovate,45,Trial 2,7/24/2014,ab,0.762711864
Actinovate,70,Trial 2,7/24/2014,ab,1.186440678
Actinovate,75,Trial 2,7/24/2014,ab,1.271186441
Actinovate,80,Trial 2,7/24/2014,ab,1.355932203
Cueva,55,Trial 2,7/24/2014,bc,0.93220339
Cueva,33.33333333,Trial 2,7/24/2014,bc,0.564971751
Cueva,66.66666667,Trial 2,7/24/2014,bc,1.129943503
Cueva,40,Trial 2,7/24/2014,bc,0.677966102
Cueva,77.77777778,Trial 2,7/24/2014,bc,1.31826742
Cueva,47.05882353,Trial 2,7/24/2014,bc,0.797607178
Cueva,42,Trial 2,7/24/2014,bc,0.711864407
Cueva,36,Trial 2,7/24/2014,bc,0.610169492
Cueva,29,Trial 2,7/24/2014,bc,0.491525424
Cueva,20,Trial 2,7/24/2014,bc,0.338983051
Cueva,43,Trial 2,7/24/2014,bc,0.728813559
Cueva,30,Trial 2,7/24/2014,bc,0.508474576
Cueva,65,Trial 2,7/24/2014,bc,1.101694915
Cueva,10,Trial 2,7/24/2014,bc,0.169491525
Cueva,10,Trial 2,7/24/2014,bc,0.169491525
Cueva,40,Trial 2,7/24/2014,bc,0.677966102
Cueva,70,Trial 2,7/24/2014,bc,1.186440678
Cueva,40,Trial 2,7/24/2014,bc,0.677966102
Cueva,70,Trial 2,7/24/2014,bc,1.186440678
Cueva,71,Trial 2,7/24/2014,bc,1.203389831
Cueva,56,Trial 2,7/24/2014,bc,0.949152542
Cueva,74,Trial 2,7/24/2014,bc,1.254237288
Cueva,80,Trial 2,7/24/2014,bc,1.355932203
Cueva,50,Trial 2,7/24/2014,bc,0.847457627
Cueva,70,Trial 2,7/24/2014,bc,1.186440678
Cueva,65,Trial 2,7/24/2014,bc,1.101694915
Cueva,80,Trial 2,7/24/2014,bc,1.355932203
Cueva,50,Trial 2,7/24/2014,bc,0.847457627
Cueva,50,Trial 2,7/24/2014,bc,0.847457627
Cueva,75,Trial 2,7/24/2014,bc,1.271186441
Serenade,15,Trial 2,7/24/2014,c,0.254237288
Serenade,37,Trial 2,7/24/2014,c,0.627118644
Serenade,14,Trial 2,7/24/2014,c,0.237288136
Serenade,30,Trial 2,7/24/2014,c,0.508474576
Serenade,11,Trial 2,7/24/2014,c,0.186440678
Serenade,43,Trial 2,7/24/2014,c,0.728813559
Serenade,60,Trial 2,7/24/2014,c,1.016949153
Serenade,60,Trial 2,7/24/2014,c,1.016949153
Serenade,40,Trial 2,7/24/2014,c,0.677966102
Serenade,60,Trial 2,7/24/2014,c,1.016949153
Serenade,40,Trial 2,7/24/2014,c,0.677966102
Serenade,80,Trial 2,7/24/2014,c,1.355932203
Serenade,85,Trial 2,7/24/2014,c,1.440677966
Serenade,90,Trial 2,7/24/2014,c,1.525423729
Serenade,95,Trial 2,7/24/2014,c,1.610169492
Serenade,95,Trial 2,7/24/2014,c,1.610169492
Serenade,75,Trial 2,7/24/2014,c,1.271186441
Serenade,80,Trial 2,7/24/2014,c,1.355932203
Serenade,60,Trial 2,7/24/2014,c,1.016949153
Serenade,70,Trial 2,7/24/2014,c,1.186440678
Serenade,47,Trial 2,7/24/2014,c,0.796610169
Serenade,78,Trial 2,7/24/2014,c,1.322033898
Serenade,78,Trial 2,7/24/2014,c,1.322033898
Serenade,67,Trial 2,7/24/2014,c,1.13559322
Serenade,50,Trial 2,7/24/2014,c,0.847457627
Serenade,55,Trial 2,7/24/2014,c,0.93220339
Serenade,40,Trial 2,7/24/2014,c,0.677966102
Serenade,65,Trial 2,7/24/2014,c,1.101694915
Serenade,30,Trial 2,7/24/2014,c,0.508474576
Serenade,45,Trial 2,7/24/2014,c,0.762711864
Untreated,30,Trial 2,7/24/2014,c,0.508474576
Untreated,10,Trial 2,7/24/2014,c,0.169491525
Untreated,35,Trial 2,7/24/2014,c,0.593220339
Untreated,20,Trial 2,7/24/2014,c,0.338983051
Untreated,30,Trial 2,7/24/2014,c,0.508474576
Untreated,40,Trial 2,7/24/2014,c,0.677966102
Untreated,90,Trial 2,7/24/2014,c,1.525423729
Untreated,60,Trial 2,7/24/2014,c,1.016949153
Untreated,40,Trial 2,7/24/2014,c,0.677966102
Untreated,75,Trial 2,7/24/2014,c,1.271186441
Untreated,40,Trial 2,7/24/2014,c,0.677966102
Untreated,75,Trial 2,7/24/2014,c,1.271186441
Untreated,78,Trial 2,7/24/2014,c,1.322033898
Untreated,60,Trial 2,7/24/2014,c,1.016949153
Untreated,74,Trial 2,7/24/2014,c,1.254237288
Untreated,84,Trial 2,7/24/2014,c,1.423728814
Untreated,89,Trial 2,7/24/2014,c,1.508474576
Untreated,70,Trial 2,7/24/2014,c,1.186440678
Untreated,80,Trial 2,7/24/2014,c,1.355932203
Untreated,70,Trial 2,7/24/2014,c,1.186440678
Untreated,85,Trial 2,7/24/2014,c,1.440677966
Untreated,90,Trial 2,7/24/2014,c,1.525423729
Untreated,90,Trial 2,7/24/2014,c,1.525423729
Untreated,90,Trial 2,7/24/2014,c,1.525423729
Untreated,70,Trial 2,7/24/2014,c,1.186440678
Untreated,30,Trial 2,7/24/2014,c,0.508474576
Untreated,55,Trial 2,7/24/2014,c,0.93220339
Untreated,40,Trial 2,7/24/2014,c,0.677966102
Untreated,40,Trial 2,7/24/2014,c,0.677966102
Untreated,30,Trial 2,7/24/2014,c,0.508474576
Zampro,25,Trial 2,7/24/2014,a,0.423728814
Zampro,37.5,Trial 2,7/24/2014,a,0.63559322
Zampro,25,Trial 2,7/24/2014,a,0.423728814
Zampro,40,Trial 2,7/24/2014,a,0.677966102
Zampro,25,Trial 2,7/24/2014,a,0.423728814
Zampro,47.05882353,Trial 2,7/24/2014,a,0.797607178
Zampro,15,Trial 2,7/24/2014,a,0.254237288
Zampro,17,Trial 2,7/24/2014,a,0.288135593
Zampro,25,Trial 2,7/24/2014,a,0.423728814
Zampro,30,Trial 2,7/24/2014,a,0.508474576
Zampro,14,Trial 2,7/24/2014,a,0.237288136
Zampro,14,Trial 2,7/24/2014,a,0.237288136
Zampro,70,Trial 2,7/24/2014,a,1.186440678
Zampro,60,Trial 2,7/24/2014,a,1.016949153
Zampro,80,Trial 2,7/24/2014,a,1.355932203
Zampro,85,Trial 2,7/24/2014,a,1.440677966
Zampro,70,Trial 2,7/24/2014,a,1.186440678
Zampro,50,Trial 2,7/24/2014,a,0.847457627
Zampro,3,Trial 2,7/24/2014,a,0.050847458
Zampro,3,Trial 2,7/24/2014,a,0.050847458
Zampro,2,Trial 2,7/24/2014,a,0.033898305
Zampro,5,Trial 2,7/24/2014,a,0.084745763
Zampro,15,Trial 2,7/24/2014,a,0.254237288
Zampro,5,Trial 2,7/24/2014,a,0.084745763
Zampro,78,Trial 2,7/24/2014,a,1.322033898
Zampro,64,Trial 2,7/24/2014,a,1.084745763
Zampro,44,Trial 2,7/24/2014,a,0.745762712
Zampro,33,Trial 2,7/24/2014,a,0.559322034
Zampro,58,Trial 2,7/24/2014,a,0.983050847
Zampro,75,Trial 2,7/24/2014,a,1.271186441
actinovate,20,Trial 7,9/24/2015,b,0.26157468
actinovate,50,Trial 7,9/24/2015,b,0.653936699
actinovate,70,Trial 7,9/24/2015,b,0.915511378
actinovate,32,Trial 7,9/24/2015,b,0.418519487
actinovate,42,Trial 7,9/24/2015,b,0.549306827
actinovate,50,Trial 7,9/24/2015,b,0.653936699
actinovate,38,Trial 7,9/24/2015,b,0.496991891
actinovate,28,Trial 7,9/24/2015,b,0.366204551
actinovate,60,Trial 7,9/24/2015,b,0.784724039
actinovate,64,Trial 7,9/24/2015,b,0.837038975
actinovate,36,Trial 7,9/24/2015,b,0.470834423
actinovate,40,Trial 7,9/24/2015,b,0.523149359
actinovate,30,Trial 7,9/24/2015,b,0.392362019
actinovate,40,Trial 7,9/24/2015,b,0.523149359
actinovate,30,Trial 7,9/24/2015,b,0.392362019
actinovate,40,Trial 7,9/24/2015,b,0.523149359
actinovate,42,Trial 7,9/24/2015,b,0.549306827
actinovate,46,Trial 7,9/24/2015,b,0.601621763
actinovate,30,Trial 7,9/24/2015,b,0.392362019
actinovate,40,Trial 7,9/24/2015,b,0.523149359
actinovate,10,Trial 7,9/24/2015,b,0.13078734
actinovate,20,Trial 7,9/24/2015,b,0.26157468
actinovate,30,Trial 7,9/24/2015,b,0.392362019
actinovate,36,Trial 7,9/24/2015,b,0.470834423
actinovate,40,Trial 7,9/24/2015,b,0.523149359
actinovate,42,Trial 7,9/24/2015,b,0.549306827
actinovate,50,Trial 7,9/24/2015,b,0.653936699
actinovate,20,Trial 7,9/24/2015,b,0.26157468
actinovate,30,Trial 7,9/24/2015,b,0.392362019
actinovate,40,Trial 7,9/24/2015,b,0.523149359
actinovate,30,Trial 7,9/24/2015,b,0.392362019
actinovate,40,Trial 7,9/24/2015,b,0.523149359
actinovate,22,Trial 7,9/24/2015,b,0.287732148
actinovate,16,Trial 7,9/24/2015,b,0.209259744
actinovate,30,Trial 7,9/24/2015,b,0.392362019
actinovate,40,Trial 7,9/24/2015,b,0.523149359
actinovate,36,Trial 7,9/24/2015,b,0.470834423
actinovate,30,Trial 7,9/24/2015,b,0.392362019
actinovate,38,Trial 7,9/24/2015,b,0.496991891
actinovate,40,Trial 7,9/24/2015,b,0.523149359
actinovate,70,Trial 7,9/24/2015,b,0.915511378
actinovate,56,Trial 7,9/24/2015,b,0.732409103
actinovate,70,Trial 7,9/24/2015,b,0.915511378
actinovate,36,Trial 7,9/24/2015,b,0.470834423
actinovate,40,Trial 7,9/24/2015,b,0.523149359
actinovate,56,Trial 7,9/24/2015,b,0.732409103
actinovate,78,Trial 7,9/24/2015,b,1.02014125
actinovate,70,Trial 7,9/24/2015,b,0.915511378
actinovate,36,Trial 7,9/24/2015,b,0.470834423
actinovate,44,Trial 7,9/24/2015,b,0.575464295
actinovate,70,Trial 7,9/24/2015,b,0.915511378
actinovate,62,Trial 7,9/24/2015,b,0.810881507
actinovate,56,Trial 7,9/24/2015,b,0.732409103
actinovate,42,Trial 7,9/24/2015,b,0.549306827
actinovate,38,Trial 7,9/24/2015,b,0.496991891
actinovate,66,Trial 7,9/24/2015,b,0.863196443
actinovate,38,Trial 7,9/24/2015,b,0.496991891
actinovate,42,Trial 7,9/24/2015,b,0.549306827
actinovate,56,Trial 7,9/24/2015,b,0.732409103
actinovate,30,Trial 7,9/24/2015,b,0.392362019
actinovate,36,Trial 7,9/24/2015,b,0.470834423
actinovate,50,Trial 7,9/24/2015,b,0.653936699
actinovate,56,Trial 7,9/24/2015,b,0.732409103
actinovate,38,Trial 7,9/24/2015,b,0.496991891
actinovate,40,Trial 7,9/24/2015,b,0.523149359
actinovate,50,Trial 7,9/24/2015,b,0.653936699
actinovate,38,Trial 7,9/24/2015,b,0.496991891
actinovate,40,Trial 7,9/24/2015,b,0.523149359
actinovate,58,Trial 7,9/24/2015,b,0.758566571
actinovate,34,Trial 7,9/24/2015,b,0.444676955
actinovate,62,Trial 7,9/24/2015,b,0.810881507
actinovate,64,Trial 7,9/24/2015,b,0.837038975
actinovate,56,Trial 7,9/24/2015,b,0.732409103
actinovate,58,Trial 7,9/24/2015,b,0.758566571
actinovate,70,Trial 7,9/24/2015,b,0.915511378
actinovate,36,Trial 7,9/24/2015,b,0.470834423
actinovate,80,Trial 7,9/24/2015,b,1.046298718
actinovate,70,Trial 7,9/24/2015,b,0.915511378
actinovate,62,Trial 7,9/24/2015,b,0.810881507
actinovate,70,Trial 7,9/24/2015,b,0.915511378
actinovate,60,Trial 7,9/24/2015,b,0.784724039
actinovate,62,Trial 7,9/24/2015,b,0.810881507
actinovate,50,Trial 7,9/24/2015,b,0.653936699
actinovate,58,Trial 7,9/24/2015,b,0.758566571
actinovate,54,Trial 7,9/24/2015,b,0.706251635
actinovate,42,Trial 7,9/24/2015,b,0.549306827
actinovate,46,Trial 7,9/24/2015,b,0.601621763
actinovate,54,Trial 7,9/24/2015,b,0.706251635
actinovate,58,Trial 7,9/24/2015,b,0.758566571
actinovate,62,Trial 7,9/24/2015,b,0.810881507
actinovate,36,Trial 7,9/24/2015,b,0.470834423
actinovate,42,Trial 7,9/24/2015,b,0.549306827
actinovate,30,Trial 7,9/24/2015,b,0.392362019
actinovate,50,Trial 7,9/24/2015,b,0.653936699
actinovate,36,Trial 7,9/24/2015,b,0.470834423
actinovate,38,Trial 7,9/24/2015,b,0.496991891
actinovate,50,Trial 7,9/24/2015,b,0.653936699
actinovate,52,Trial 7,9/24/2015,b,0.680094167
actinovate,40,Trial 7,9/24/2015,b,0.523149359
actinovate,58,Trial 7,9/24/2015,b,0.758566571
cueva,18,Trial 7,9/24/2015,bc,0.235417212
cueva,24,Trial 7,9/24/2015,bc,0.313889615
cueva,20,Trial 7,9/24/2015,bc,0.26157468
cueva,28,Trial 7,9/24/2015,bc,0.366204551
cueva,22,Trial 7,9/24/2015,bc,0.287732148
cueva,20,Trial 7,9/24/2015,bc,0.26157468
cueva,18,Trial 7,9/24/2015,bc,0.235417212
cueva,14,Trial 7,9/24/2015,bc,0.183102276
cueva,20,Trial 7,9/24/2015,bc,0.26157468
cueva,24,Trial 7,9/24/2015,bc,0.313889615
cueva,56,Trial 7,9/24/2015,bc,0.732409103
cueva,70,Trial 7,9/24/2015,bc,0.915511378
cueva,58,Trial 7,9/24/2015,bc,0.758566571
cueva,80,Trial 7,9/24/2015,bc,1.046298718
cueva,84,Trial 7,9/24/2015,bc,1.098613654
cueva,42,Trial 7,9/24/2015,bc,0.549306827
cueva,60,Trial 7,9/24/2015,bc,0.784724039
cueva,70,Trial 7,9/24/2015,bc,0.915511378
cueva,42,Trial 7,9/24/2015,bc,0.549306827
cueva,50,Trial 7,9/24/2015,bc,0.653936699
cueva,20,Trial 7,9/24/2015,bc,0.26157468
cueva,36,Trial 7,9/24/2015,bc,0.470834423
cueva,40,Trial 7,9/24/2015,bc,0.523149359
cueva,42,Trial 7,9/24/2015,bc,0.549306827
cueva,50,Trial 7,9/24/2015,bc,0.653936699
cueva,56,Trial 7,9/24/2015,bc,0.732409103
cueva,58,Trial 7,9/24/2015,bc,0.758566571
cueva,60,Trial 7,9/24/2015,bc,0.784724039
cueva,36,Trial 7,9/24/2015,bc,0.470834423
cueva,30,Trial 7,9/24/2015,bc,0.392362019
cueva,36,Trial 7,9/24/2015,bc,0.470834423
cueva,30,Trial 7,9/24/2015,bc,0.392362019
cueva,40,Trial 7,9/24/2015,bc,0.523149359
cueva,24,Trial 7,9/24/2015,bc,0.313889615
cueva,28,Trial 7,9/24/2015,bc,0.366204551
cueva,42,Trial 7,9/24/2015,bc,0.549306827
cueva,16,Trial 7,9/24/2015,bc,0.209259744
cueva,28,Trial 7,9/24/2015,bc,0.366204551
cueva,38,Trial 7,9/24/2015,bc,0.496991891
cueva,22,Trial 7,9/24/2015,bc,0.287732148
cueva,60,Trial 7,9/24/2015,bc,0.784724039
cueva,58,Trial 7,9/24/2015,bc,0.758566571
cueva,30,Trial 7,9/24/2015,bc,0.392362019
cueva,42,Trial 7,9/24/2015,bc,0.549306827
cueva,44,Trial 7,9/24/2015,bc,0.575464295
cueva,68,Trial 7,9/24/2015,bc,0.889353911
cueva,66,Trial 7,9/24/2015,bc,0.863196443
cueva,62,Trial 7,9/24/2015,bc,0.810881507
cueva,64,Trial 7,9/24/2015,bc,0.837038975
cueva,58,Trial 7,9/24/2015,bc,0.758566571
cueva,62,Trial 7,9/24/2015,bc,0.810881507
cueva,52,Trial 7,9/24/2015,bc,0.680094167
cueva,62,Trial 7,9/24/2015,bc,0.810881507
cueva,58,Trial 7,9/24/2015,bc,0.758566571
cueva,60,Trial 7,9/24/2015,bc,0.784724039
cueva,64,Trial 7,9/24/2015,bc,0.837038975
cueva,50,Trial 7,9/24/2015,bc,0.653936699
cueva,62,Trial 7,9/24/2015,bc,0.810881507
cueva,70,Trial 7,9/24/2015,bc,0.915511378
cueva,64,Trial 7,9/24/2015,bc,0.837038975
cueva,40,Trial 7,9/24/2015,bc,0.523149359
cueva,24,Trial 7,9/24/2015,bc,0.313889615
cueva,30,Trial 7,9/24/2015,bc,0.392362019
cueva,16,Trial 7,9/24/2015,bc,0.209259744
cueva,36,Trial 7,9/24/2015,bc,0.470834423
cueva,30,Trial 7,9/24/2015,bc,0.392362019
cueva,40,Trial 7,9/24/2015,bc,0.523149359
cueva,42,Trial 7,9/24/2015,bc,0.549306827
cueva,36,Trial 7,9/24/2015,bc,0.470834423
cueva,16,Trial 7,9/24/2015,bc,0.209259744
cueva,34,Trial 7,9/24/2015,bc,0.444676955
cueva,36,Trial 7,9/24/2015,bc,0.470834423
cueva,24,Trial 7,9/24/2015,bc,0.313889615
cueva,38,Trial 7,9/24/2015,bc,0.496991891
cueva,42,Trial 7,9/24/2015,bc,0.549306827
cueva,62,Trial 7,9/24/2015,bc,0.810881507
cueva,68,Trial 7,9/24/2015,bc,0.889353911
cueva,46,Trial 7,9/24/2015,bc,0.601621763
cueva,48,Trial 7,9/24/2015,bc,0.627779231
cueva,52,Trial 7,9/24/2015,bc,0.680094167
cueva,38,Trial 7,9/24/2015,bc,0.496991891
cueva,50,Trial 7,9/24/2015,bc,0.653936699
cueva,42,Trial 7,9/24/2015,bc,0.549306827
cueva,34,Trial 7,9/24/2015,bc,0.444676955
cueva,40,Trial 7,9/24/2015,bc,0.523149359
cueva,62,Trial 7,9/24/2015,bc,0.810881507
cueva,70,Trial 7,9/24/2015,bc,0.915511378
cueva,54,Trial 7,9/24/2015,bc,0.706251635
cueva,40,Trial 7,9/24/2015,bc,0.523149359
cueva,60,Trial 7,9/24/2015,bc,0.784724039
cueva,36,Trial 7,9/24/2015,bc,0.470834423
cueva,30,Trial 7,9/24/2015,bc,0.392362019
cueva,62,Trial 7,9/24/2015,bc,0.810881507
cueva,64,Trial 7,9/24/2015,bc,0.837038975
cueva,36,Trial 7,9/24/2015,bc,0.470834423
cueva,34,Trial 7,9/24/2015,bc,0.444676955
cueva,50,Trial 7,9/24/2015,bc,0.653936699
cueva,44,Trial 7,9/24/2015,bc,0.575464295
cueva,50,Trial 7,9/24/2015,bc,0.653936699
cueva,24,Trial 7,9/24/2015,bc,0.313889615
taegro,60,Trial 7,9/24/2015,c,0.784724039
taegro,54,Trial 7,9/24/2015,c,0.706251635
taegro,36,Trial 7,9/24/2015,c,0.470834423
taegro,50,Trial 7,9/24/2015,c,0.653936699
taegro,56,Trial 7,9/24/2015,c,0.732409103
taegro,60,Trial 7,9/24/2015,c,0.784724039
taegro,42,Trial 7,9/24/2015,c,0.549306827
taegro,46,Trial 7,9/24/2015,c,0.601621763
taegro,50,Trial 7,9/24/2015,c,0.653936699
taegro,56,Trial 7,9/24/2015,c,0.732409103
taegro,10,Trial 7,9/24/2015,c,0.13078734
taegro,20,Trial 7,9/24/2015,c,0.26157468
taegro,40,Trial 7,9/24/2015,c,0.523149359
taegro,30,Trial 7,9/24/2015,c,0.392362019
taegro,36,Trial 7,9/24/2015,c,0.470834423
taegro,38,Trial 7,9/24/2015,c,0.496991891
taegro,36,Trial 7,9/24/2015,c,0.470834423
taegro,40,Trial 7,9/24/2015,c,0.523149359
taegro,42,Trial 7,9/24/2015,c,0.549306827
taegro,50,Trial 7,9/24/2015,c,0.653936699
taegro,20,Trial 7,9/24/2015,c,0.26157468
taegro,22,Trial 7,9/24/2015,c,0.287732148
taegro,16,Trial 7,9/24/2015,c,0.209259744
taegro,24,Trial 7,9/24/2015,c,0.313889615
taegro,30,Trial 7,9/24/2015,c,0.392362019
taegro,40,Trial 7,9/24/2015,c,0.523149359
taegro,42,Trial 7,9/24/2015,c,0.549306827
taegro,36,Trial 7,9/24/2015,c,0.470834423
taegro,20,Trial 7,9/24/2015,c,0.26157468
taegro,16,Trial 7,9/24/2015,c,0.209259744
taegro,10,Trial 7,9/24/2015,c,0.13078734
taegro,36,Trial 7,9/24/2015,c,0.470834423
taegro,58,Trial 7,9/24/2015,c,0.758566571
taegro,22,Trial 7,9/24/2015,c,0.287732148
taegro,44,Trial 7,9/24/2015,c,0.575464295
taegro,58,Trial 7,9/24/2015,c,0.758566571
taegro,70,Trial 7,9/24/2015,c,0.915511378
taegro,42,Trial 7,9/24/2015,c,0.549306827
taegro,48,Trial 7,9/24/2015,c,0.627779231
taegro,36,Trial 7,9/24/2015,c,0.470834423
taegro,20,Trial 7,9/24/2015,c,0.26157468
taegro,30,Trial 7,9/24/2015,c,0.392362019
taegro,10,Trial 7,9/24/2015,c,0.13078734
taegro,6,Trial 7,9/24/2015,c,0.078472404
taegro,14,Trial 7,9/24/2015,c,0.183102276
taegro,10,Trial 7,9/24/2015,c,0.13078734
taegro,24,Trial 7,9/24/2015,c,0.313889615
taegro,26,Trial 7,9/24/2015,c,0.340047083
taegro,14,Trial 7,9/24/2015,c,0.183102276
taegro,16,Trial 7,9/24/2015,c,0.209259744
taegro,30,Trial 7,9/24/2015,c,0.392362019
taegro,42,Trial 7,9/24/2015,c,0.549306827
taegro,36,Trial 7,9/24/2015,c,0.470834423
taegro,48,Trial 7,9/24/2015,c,0.627779231
taegro,42,Trial 7,9/24/2015,c,0.549306827
taegro,38,Trial 7,9/24/2015,c,0.496991891
taegro,30,Trial 7,9/24/2015,c,0.392362019
taegro,42,Trial 7,9/24/2015,c,0.549306827
taegro,46,Trial 7,9/24/2015,c,0.601621763
taegro,42,Trial 7,9/24/2015,c,0.549306827
taegro,30,Trial 7,9/24/2015,c,0.392362019
taegro,16,Trial 7,9/24/2015,c,0.209259744
taegro,40,Trial 7,9/24/2015,c,0.523149359
taegro,30,Trial 7,9/24/2015,c,0.392362019
taegro,40,Trial 7,9/24/2015,c,0.523149359
taegro,36,Trial 7,9/24/2015,c,0.470834423
taegro,24,Trial 7,9/24/2015,c,0.313889615
taegro,16,Trial 7,9/24/2015,c,0.209259744
taegro,36,Trial 7,9/24/2015,c,0.470834423
taegro,42,Trial 7,9/24/2015,c,0.549306827
taegro,54,Trial 7,9/24/2015,c,0.706251635
taegro,52,Trial 7,9/24/2015,c,0.680094167
taegro,62,Trial 7,9/24/2015,c,0.810881507
taegro,54,Trial 7,9/24/2015,c,0.706251635
taegro,70,Trial 7,9/24/2015,c,0.915511378
taegro,80,Trial 7,9/24/2015,c,1.046298718
taegro,62,Trial 7,9/24/2015,c,0.810881507
taegro,72,Trial 7,9/24/2015,c,0.941668846
taegro,74,Trial 7,9/24/2015,c,0.967826314
taegro,54,Trial 7,9/24/2015,c,0.706251635
taegro,36,Trial 7,9/24/2015,c,0.470834423
taegro,30,Trial 7,9/24/2015,c,0.392362019
taegro,40,Trial 7,9/24/2015,c,0.523149359
taegro,40,Trial 7,9/24/2015,c,0.523149359
taegro,30,Trial 7,9/24/2015,c,0.392362019
taegro,24,Trial 7,9/24/2015,c,0.313889615
taegro,34,Trial 7,9/24/2015,c,0.444676955
taegro,24,Trial 7,9/24/2015,c,0.313889615
taegro,30,Trial 7,9/24/2015,c,0.392362019
taegro,40,Trial 7,9/24/2015,c,0.523149359
taegro,50,Trial 7,9/24/2015,c,0.653936699
taegro,40,Trial 7,9/24/2015,c,0.523149359
taegro,58,Trial 7,9/24/2015,c,0.758566571
taegro,40,Trial 7,9/24/2015,c,0.523149359
taegro,38,Trial 7,9/24/2015,c,0.496991891
taegro,44,Trial 7,9/24/2015,c,0.575464295
taegro,36,Trial 7,9/24/2015,c,0.470834423
taegro,38,Trial 7,9/24/2015,c,0.496991891
taegro,40,Trial 7,9/24/2015,c,0.523149359
taegro,44,Trial 7,9/24/2015,c,0.575464295
untreated,70,Trial 7,9/24/2015,a,0.915511378
untreated,56,Trial 7,9/24/2015,a,0.732409103
untreated,62,Trial 7,9/24/2015,a,0.810881507
untreated,70,Trial 7,9/24/2015,a,0.915511378
untreated,84,Trial 7,9/24/2015,a,1.098613654
untreated,76,Trial 7,9/24/2015,a,0.993983782
untreated,78,Trial 7,9/24/2015,a,1.02014125
untreated,84,Trial 7,9/24/2015,a,1.098613654
untreated,70,Trial 7,9/24/2015,a,0.915511378
untreated,72,Trial 7,9/24/2015,a,0.941668846
untreated,70,Trial 7,9/24/2015,a,0.915511378
untreated,50,Trial 7,9/24/2015,a,0.653936699
untreated,62,Trial 7,9/24/2015,a,0.810881507
untreated,76,Trial 7,9/24/2015,a,0.993983782
untreated,82,Trial 7,9/24/2015,a,1.072456186
untreated,64,Trial 7,9/24/2015,a,0.837038975
untreated,70,Trial 7,9/24/2015,a,0.915511378
untreated,80,Trial 7,9/24/2015,a,1.046298718
untreated,84,Trial 7,9/24/2015,a,1.098613654
untreated,100,Trial 7,9/24/2015,a,1.307873398
untreated,70,Trial 7,9/24/2015,a,0.915511378
untreated,90,Trial 7,9/24/2015,a,1.177086058
untreated,20,Trial 7,9/24/2015,a,0.26157468
untreated,30,Trial 7,9/24/2015,a,0.392362019
untreated,40,Trial 7,9/24/2015,a,0.523149359
untreated,44,Trial 7,9/24/2015,a,0.575464295
untreated,56,Trial 7,9/24/2015,a,0.732409103
untreated,70,Trial 7,9/24/2015,a,0.915511378
untreated,90,Trial 7,9/24/2015,a,1.177086058
untreated,84,Trial 7,9/24/2015,a,1.098613654
untreated,84,Trial 7,9/24/2015,a,1.098613654
untreated,70,Trial 7,9/24/2015,a,0.915511378
untreated,86,Trial 7,9/24/2015,a,1.124771122
untreated,82,Trial 7,9/24/2015,a,1.072456186
untreated,84,Trial 7,9/24/2015,a,1.098613654
untreated,76,Trial 7,9/24/2015,a,0.993983782
untreated,80,Trial 7,9/24/2015,a,1.046298718
untreated,40,Trial 7,9/24/2015,a,0.523149359
untreated,90,Trial 7,9/24/2015,a,1.177086058
untreated,36,Trial 7,9/24/2015,a,0.470834423
untreated,70,Trial 7,9/24/2015,a,0.915511378
untreated,78,Trial 7,9/24/2015,a,1.02014125
untreated,82,Trial 7,9/24/2015,a,1.072456186
untreated,86,Trial 7,9/24/2015,a,1.124771122
untreated,76,Trial 7,9/24/2015,a,0.993983782
untreated,86,Trial 7,9/24/2015,a,1.124771122
untreated,96,Trial 7,9/24/2015,a,1.255558462
untreated,64,Trial 7,9/24/2015,a,0.837038975
untreated,78,Trial 7,9/24/2015,a,1.02014125
untreated,80,Trial 7,9/24/2015,a,1.046298718
untreated,90,Trial 7,9/24/2015,a,1.177086058
untreated,84,Trial 7,9/24/2015,a,1.098613654
untreated,88,Trial 7,9/24/2015,a,1.15092859
untreated,78,Trial 7,9/24/2015,a,1.02014125
untreated,84,Trial 7,9/24/2015,a,1.098613654
untreated,64,Trial 7,9/24/2015,a,0.837038975
untreated,86,Trial 7,9/24/2015,a,1.124771122
untreated,62,Trial 7,9/24/2015,a,0.810881507
untreated,70,Trial 7,9/24/2015,a,0.915511378
untreated,38,Trial 7,9/24/2015,a,0.496991891
untreated,90,Trial 7,9/24/2015,a,1.177086058
untreated,78,Trial 7,9/24/2015,a,1.02014125
untreated,76,Trial 7,9/24/2015,a,0.993983782
untreated,84,Trial 7,9/24/2015,a,1.098613654
untreated,90,Trial 7,9/24/2015,a,1.177086058
untreated,94,Trial 7,9/24/2015,a,1.229400994
untreated,74,Trial 7,9/24/2015,a,0.967826314
untreated,62,Trial 7,9/24/2015,a,0.810881507
untreated,78,Trial 7,9/24/2015,a,1.02014125
untreated,64,Trial 7,9/24/2015,a,0.837038975
untreated,96,Trial 7,9/24/2015,a,1.255558462
untreated,100,Trial 7,9/24/2015,a,1.307873398
untreated,78,Trial 7,9/24/2015,a,1.02014125
untreated,84,Trial 7,9/24/2015,a,1.098613654
untreated,90,Trial 7,9/24/2015,a,1.177086058
untreated,76,Trial 7,9/24/2015,a,0.993983782
untreated,82,Trial 7,9/24/2015,a,1.072456186
untreated,92,Trial 7,9/24/2015,a,1.203243526
untreated,78,Trial 7,9/24/2015,a,1.02014125
untreated,72,Trial 7,9/24/2015,a,0.941668846
untreated,84,Trial 7,9/24/2015,a,1.098613654
untreated,90,Trial 7,9/24/2015,a,1.177086058
untreated,76,Trial 7,9/24/2015,a,0.993983782
untreated,82,Trial 7,9/24/2015,a,1.072456186
untreated,80,Trial 7,9/24/2015,a,1.046298718
untreated,92,Trial 7,9/24/2015,a,1.203243526
untreated,84,Trial 7,9/24/2015,a,1.098613654
untreated,76,Trial 7,9/24/2015,a,0.993983782
untreated,80,Trial 7,9/24/2015,a,1.046298718
untreated,86,Trial 7,9/24/2015,a,1.124771122
untreated,84,Trial 7,9/24/2015,a,1.098613654
untreated,90,Trial 7,9/24/2015,a,1.177086058
untreated,76,Trial 7,9/24/2015,a,0.993983782
untreated,90,Trial 7,9/24/2015,a,1.177086058
untreated,98,Trial 7,9/24/2015,a,1.28171593
untreated,86,Trial 7,9/24/2015,a,1.124771122
untreated,84,Trial 7,9/24/2015,a,1.098613654
untreated,82,Trial 7,9/24/2015,a,1.072456186
untreated,86,Trial 7,9/24/2015,a,1.124771122
untreated,80,Trial 7,9/24/2015,a,1.046298718
zampro,6,Trial 7,9/24/2015,d,0.078472404
zampro,4,Trial 7,9/24/2015,d,0.052314936
zampro,6,Trial 7,9/24/2015,d,0.078472404
zampro,20,Trial 7,9/24/2015,d,0.26157468
zampro,56,Trial 7,9/24/2015,d,0.732409103
zampro,16,Trial 7,9/24/2015,d,0.209259744
zampro,38,Trial 7,9/24/2015,d,0.496991891
zampro,38,Trial 7,9/24/2015,d,0.496991891
zampro,28,Trial 7,9/24/2015,d,0.366204551
zampro,24,Trial 7,9/24/2015,d,0.313889615
zampro,6,Trial 7,9/24/2015,d,0.078472404
zampro,10,Trial 7,9/24/2015,d,0.13078734
zampro,10,Trial 7,9/24/2015,d,0.13078734
zampro,16,Trial 7,9/24/2015,d,0.209259744
zampro,50,Trial 7,9/24/2015,d,0.653936699
zampro,10,Trial 7,9/24/2015,d,0.13078734
zampro,6,Trial 7,9/24/2015,d,0.078472404
zampro,2,Trial 7,9/24/2015,d,0.026157468
zampro,10,Trial 7,9/24/2015,d,0.13078734
zampro,20,Trial 7,9/24/2015,d,0.26157468
zampro,10,Trial 7,9/24/2015,d,0.13078734
zampro,20,Trial 7,9/24/2015,d,0.26157468
zampro,6,Trial 7,9/24/2015,d,0.078472404
zampro,6,Trial 7,9/24/2015,d,0.078472404
zampro,20,Trial 7,9/24/2015,d,0.26157468
zampro,10,Trial 7,9/24/2015,d,0.13078734
zampro,20,Trial 7,9/24/2015,d,0.26157468
zampro,36,Trial 7,9/24/2015,d,0.470834423
zampro,30,Trial 7,9/24/2015,d,0.392362019
zampro,10,Trial 7,9/24/2015,d,0.13078734
zampro,10,Trial 7,9/24/2015,d,0.13078734
zampro,8,Trial 7,9/24/2015,d,0.104629872
zampro,14,Trial 7,9/24/2015,d,0.183102276
zampro,4,Trial 7,9/24/2015,d,0.052314936
zampro,30,Trial 7,9/24/2015,d,0.392362019
zampro,40,Trial 7,9/24/2015,d,0.523149359
zampro,6,Trial 7,9/24/2015,d,0.078472404
zampro,4,Trial 7,9/24/2015,d,0.052314936
zampro,30,Trial 7,9/24/2015,d,0.392362019
zampro,14,Trial 7,9/24/2015,d,0.183102276
zampro,36,Trial 7,9/24/2015,d,0.470834423
zampro,10,Trial 7,9/24/2015,d,0.13078734
zampro,24,Trial 7,9/24/2015,d,0.313889615
zampro,14,Trial 7,9/24/2015,d,0.183102276
zampro,18,Trial 7,9/24/2015,d,0.235417212
zampro,10,Trial 7,9/24/2015,d,0.13078734
zampro,6,Trial 7,9/24/2015,d,0.078472404
zampro,10,Trial 7,9/24/2015,d,0.13078734
zampro,20,Trial 7,9/24/2015,d,0.26157468
zampro,30,Trial 7,9/24/2015,d,0.392362019
zampro,10,Trial 7,9/24/2015,d,0.13078734
zampro,16,Trial 7,9/24/2015,d,0.209259744
zampro,4,Trial 7,9/24/2015,d,0.052314936
zampro,18,Trial 7,9/24/2015,d,0.235417212
zampro,10,Trial 7,9/24/2015,d,0.13078734
zampro,14,Trial 7,9/24/2015,d,0.183102276
zampro,24,Trial 7,9/24/2015,d,0.313889615
zampro,20,Trial 7,9/24/2015,d,0.26157468
zampro,16,Trial 7,9/24/2015,d,0.209259744
zampro,20,Trial 7,9/24/2015,d,0.26157468
zampro,8,Trial 7,9/24/2015,d,0.104629872
zampro,10,Trial 7,9/24/2015,d,0.13078734
zampro,24,Trial 7,9/24/2015,d,0.313889615
zampro,14,Trial 7,9/24/2015,d,0.183102276
zampro,42,Trial 7,9/24/2015,d,0.549306827
zampro,10,Trial 7,9/24/2015,d,0.13078734
zampro,16,Trial 7,9/24/2015,d,0.209259744
zampro,30,Trial 7,9/24/2015,d,0.392362019
zampro,38,Trial 7,9/24/2015,d,0.496991891
zampro,24,Trial 7,9/24/2015,d,0.313889615
zampro,36,Trial 7,9/24/2015,d,0.470834423
zampro,30,Trial 7,9/24/2015,d,0.392362019
zampro,24,Trial 7,9/24/2015,d,0.313889615
zampro,36,Trial 7,9/24/2015,d,0.470834423
zampro,16,Trial 7,9/24/2015,d,0.209259744
zampro,10,Trial 7,9/24/2015,d,0.13078734
zampro,14,Trial 7,9/24/2015,d,0.183102276
zampro,6,Trial 7,9/24/2015,d,0.078472404
zampro,10,Trial 7,9/24/2015,d,0.13078734
zampro,20,Trial 7,9/24/2015,d,0.26157468
zampro,6,Trial 7,9/24/2015,d,0.078472404
zampro,10,Trial 7,9/24/2015,d,0.13078734
zampro,36,Trial 7,9/24/2015,d,0.470834423
zampro,24,Trial 7,9/24/2015,d,0.313889615
zampro,14,Trial 7,9/24/2015,d,0.183102276
zampro,8,Trial 7,9/24/2015,d,0.104629872
zampro,10,Trial 7,9/24/2015,d,0.13078734
zampro,18,Trial 7,9/24/2015,d,0.235417212
zampro,6,Trial 7,9/24/2015,d,0.078472404
zampro,14,Trial 7,9/24/2015,d,0.183102276
actigard,0,Trial 8,8/13/2016,b,0
actigard,2,Trial 8,8/13/2016,b,0.086956522
actigard,0,Trial 8,8/13/2016,b,0
actigard,2,Trial 8,8/13/2016,b,0.086956522
actigard,0,Trial 8,8/13/2016,b,0
actigard,0,Trial 8,8/13/2016,b,0
actigard,0,Trial 8,8/13/2016,b,0
actigard,0,Trial 8,8/13/2016,b,0
actigard,2,Trial 8,8/13/2016,b,0.086956522
actigard,0,Trial 8,8/13/2016,b,0
actigard,10,Trial 8,8/13/2016,b,0.434782609
actigard,0,Trial 8,8/13/2016,b,0
actigard,0,Trial 8,8/13/2016,b,0
actigard,0,Trial 8,8/13/2016,b,0
actigard,0,Trial 8,8/13/2016,b,0
biospecific,5,Trial 8,8/13/2016,b,0.217391304
biospecific,0,Trial 8,8/13/2016,b,0
biospecific,0,Trial 8,8/13/2016,b,0
biospecific,2,Trial 8,8/13/2016,b,0.086956522
biospecific,0,Trial 8,8/13/2016,b,0
biospecific,5,Trial 8,8/13/2016,b,0.217391304
biospecific,0,Trial 8,8/13/2016,b,0
biospecific,0,Trial 8,8/13/2016,b,0
biospecific,5,Trial 8,8/13/2016,b,0.217391304
biospecific,0,Trial 8,8/13/2016,b,0
biospecific,15,Trial 8,8/13/2016,b,0.652173913
biospecific,0,Trial 8,8/13/2016,b,0
biospecific,0,Trial 8,8/13/2016,b,0
biospecific,0,Trial 8,8/13/2016,b,0
biospecific,0,Trial 8,8/13/2016,b,0
cueva,3,Trial 8,8/13/2016,b,0.130434783
cueva,0,Trial 8,8/13/2016,b,0
cueva,7,Trial 8,8/13/2016,b,0.304347826
cueva,2,Trial 8,8/13/2016,b,0.086956522
cueva,0,Trial 8,8/13/2016,b,0
cueva,0,Trial 8,8/13/2016,b,0
cueva,0,Trial 8,8/13/2016,b,0
cueva,0,Trial 8,8/13/2016,b,0
cueva,2,Trial 8,8/13/2016,b,0.086956522
cueva,0,Trial 8,8/13/2016,b,0
cueva,0,Trial 8,8/13/2016,b,0
cueva,4,Trial 8,8/13/2016,b,0.173913043
cueva,0,Trial 8,8/13/2016,b,0
cueva,15,Trial 8,8/13/2016,b,0.652173913
cueva,0,Trial 8,8/13/2016,b,0
howler,0,Trial 8,8/13/2016,b,0
howler,20,Trial 8,8/13/2016,b,0.869565217
howler,0,Trial 8,8/13/2016,b,0
howler,5,Trial 8,8/13/2016,b,0.217391304
howler,10,Trial 8,8/13/2016,b,0.434782609
howler,0,Trial 8,8/13/2016,b,0
howler,15,Trial 8,8/13/2016,b,0.652173913
howler,10,Trial 8,8/13/2016,b,0.434782609
howler,0,Trial 8,8/13/2016,b,0
howler,0,Trial 8,8/13/2016,b,0
howler,20,Trial 8,8/13/2016,b,0.869565217
howler,5,Trial 8,8/13/2016,b,0.217391304
howler,0,Trial 8,8/13/2016,b,0
howler,7,Trial 8,8/13/2016,b,0.304347826
howler,0,Trial 8,8/13/2016,b,0
LifeGard,5,Trial 8,8/13/2016,b,0.217391304
LifeGard,0,Trial 8,8/13/2016,b,0
LifeGard,0,Trial 8,8/13/2016,b,0
LifeGard,0,Trial 8,8/13/2016,b,0
LifeGard,40,Trial 8,8/13/2016,b,1.739130435
LifeGard,0,Trial 8,8/13/2016,b,0
LifeGard,2,Trial 8,8/13/2016,b,0.086956522
LifeGard,2,Trial 8,8/13/2016,b,0.086956522
LifeGard,0,Trial 8,8/13/2016,b,0
LifeGard,20,Trial 8,8/13/2016,b,0.869565217
LifeGard,3,Trial 8,8/13/2016,b,0.130434783
LifeGard,10,Trial 8,8/13/2016,b,0.434782609
LifeGard,0,Trial 8,8/13/2016,b,0
LifeGard,0,Trial 8,8/13/2016,b,0
LifeGard,5,Trial 8,8/13/2016,b,0.217391304
oxidate,0,Trial 8,8/13/2016,b,0
oxidate,15,Trial 8,8/13/2016,b,0.652173913
oxidate,0,Trial 8,8/13/2016,b,0
oxidate,2,Trial 8,8/13/2016,b,0.086956522
oxidate,0,Trial 8,8/13/2016,b,0
oxidate,0,Trial 8,8/13/2016,b,0
oxidate,0,Trial 8,8/13/2016,b,0
oxidate,0,Trial 8,8/13/2016,b,0
oxidate,0,Trial 8,8/13/2016,b,0
oxidate,0,Trial 8,8/13/2016,b,0
oxidate,4,Trial 8,8/13/2016,b,0.173913043
oxidate,10,Trial 8,8/13/2016,b,0.434782609
oxidate,20,Trial 8,8/13/2016,b,0.869565217
oxidate,0,Trial 8,8/13/2016,b,0
oxidate,0,Trial 8,8/13/2016,b,0
untreated,3,Trial 8,8/13/2016,a,0.130434783
untreated,5,Trial 8,8/13/2016,a,0.217391304
untreated,25,Trial 8,8/13/2016,a,1.086956522
untreated,5,Trial 8,8/13/2016,a,0.217391304
untreated,60,Trial 8,8/13/2016,a,2.608695652
untreated,7,Trial 8,8/13/2016,a,0.304347826
untreated,30,Trial 8,8/13/2016,a,1.304347826
untreated,30,Trial 8,8/13/2016,a,1.304347826
untreated,10,Trial 8,8/13/2016,a,0.434782609
untreated,20,Trial 8,8/13/2016,a,0.869565217
untreated,25,Trial 8,8/13/2016,a,1.086956522
untreated,45,Trial 8,8/13/2016,a,1.956521739
untreated,65,Trial 8,8/13/2016,a,2.826086957
untreated,10,Trial 8,8/13/2016,a,0.434782609
untreated,5,Trial 8,8/13/2016,a,0.217391304
zonix,0,Trial 8,8/13/2016,b,0
zonix,0,Trial 8,8/13/2016,b,0
zonix,0,Trial 8,8/13/2016,b,0
zonix,5,Trial 8,8/13/2016,b,0.217391304
zonix,0,Trial 8,8/13/2016,b,0
zonix,0,Trial 8,8/13/2016,b,0
zonix,0,Trial 8,8/13/2016,b,0
zonix,0,Trial 8,8/13/2016,b,0
zonix,0,Trial 8,8/13/2016,b,0
zonix,0,Trial 8,8/13/2016,b,0
zonix,0,Trial 8,8/13/2016,b,0
zonix,10,Trial 8,8/13/2016,b,0.434782609
zonix,0,Trial 8,8/13/2016,b,0
zonix,0,Trial 8,8/13/2016,b,0
zonix,0,Trial 8,8/13/2016,b,0
